"created_at","id_str","full_text","quote_count","reply_count","retweet_count","favorite_count","lang","user_id_str","conversation_id_str","username","tweet_url"
"Wed Mar 13 23:57:44 +0000 2024","1768063930335916524","@FaGtng @PDI_Perjuangan @ganjarpranowo @mohmahfudmd @KrisyantoOni Manusia mabok...","0","0","0","1","in","826210858896281601","1767337030600794436","AgusArdhinto","https://twitter.com/AgusArdhinto/status/1768063930335916524"
"Wed Mar 13 23:55:15 +0000 2024","1768063306206700003","@bengkeldodo @aniesbaswedan @cakimiNOW @ganjarpranowo @mohmahfudmd @Ndons_Back @BANGSAygSUJUD @Abaaah @abby6mei @_NusantaraLand_ @99propaganda @4Y4NKZ @AlmaghribiS Yg jdi backing kawal pemilu sapa yaa... pangkat nya apa.. kalau sekelas orang biasa itu lewat maaf... Setingkat gubernur dn menteri luar biasa saja tunduk kok... hahaha..","0","0","0","0","in","2849475270","1767821315174752467","rasya2125","https://twitter.com/rasya2125/status/1768063306206700003"
"Wed Mar 13 23:53:18 +0000 2024","1768062813996789781","@Maudy_Apain @Pencerah___ @ganjarpranowo üòÇüòÇü§£üòÇüòÇSejarah dan ilmu pengetahuan umum masih ada pelajarannya ya?","0","0","0","0","in","193623463","1767478692673204493","Sgrdamai","https://twitter.com/Sgrdamai/status/1768062813996789781"
"Wed Mar 13 23:52:59 +0000 2024","1768062735261290771","@Jim_Lee_77 @ganjarpranowo @AK__aja @Dennysiregar7 @balaputra_deva @JessicaNeo4 @Tietin_Tince @TrisiyoWong @Damput76 @tumbang_terus @_Dauph1ne_ @indahemy_ @gananjaya @AyamSegar3 Wow..... Dimana rasa kemanusiaannya.","0","1","0","2","in","349027325","1767818217861554679","madetirtasari","https://twitter.com/madetirtasari/status/1768062735261290771"
"Wed Mar 13 23:49:57 +0000 2024","1768061971499520482","@Heraloebss @aniesbaswedan @ganjarpranowo Ahha.. ngapain nangis dan ngamuk2..  yg ada 02 makin panik nghadepin hak angket...","0","0","0","0","in","1899440904","1767882386711417326","Pap4Muda_","https://twitter.com/Pap4Muda_/status/1768061971499520482"
"Wed Mar 13 23:49:50 +0000 2024","1768061941317062717","@momon_garuk44 @ganjarpranowo @aniesbaswedan Aq bukan abang üò¨","0","1","0","2","in","130693106","1767763486447489444","_Dauph1ne_","https://twitter.com/_Dauph1ne_/status/1768061941317062717"
"Wed Mar 13 23:49:03 +0000 2024","1768061744159584656","@TutupG56821 @momon_garuk44 @ganjarpranowo @aniesbaswedan Yuhuuu kesurupan massal krn kalah.. kalah pula dr 01.. wah sungguh nengagumkan kan? Hayuk dukung hak angket or hak angkot dpt  tp pastiin dulu klo semua anggota DPR dr PDIP sendiri sdh pd tanda tangan eaaaaa???","0","0","0","1","in","130693106","1767763486447489444","_Dauph1ne_","https://twitter.com/_Dauph1ne_/status/1768061744159584656"
"Wed Mar 13 23:48:32 +0000 2024","1768061613985484876","@M6041217786250 @Heraloebss @aniesbaswedan @ganjarpranowo Dia buzzer bang, abis pemilu ya tetep dapet borongan buat muji2 yang bayar namanya juga perempuan rendah bang","0","0","0","1","in","1606078984592461824","1767882386711417326","aryadhanadipa_1","https://twitter.com/aryadhanadipa_1/status/1768061613985484876"
"Wed Mar 13 23:44:33 +0000 2024","1768060610070397068","@ignasbowo @ganjarpranowo Ganjar jangan kamu jual obat lagi rakyat udah tidak ada yang percaya sama kamu  tidak logowo","0","0","0","0","in","1454770128332070914","1766951211817931140","agungxraka","https://twitter.com/agungxraka/status/1768060610070397068"
"Wed Mar 13 23:42:56 +0000 2024","1768060204518879664","@KatsuraaDa @okkaocha @Dandhy_Laksono @jokowi @prabowo @gibran_tweet @aniesbaswedan @HaveAniesDay @aniesbubble @cakimiNOW @Gerindra @PDI_Perjuangan @ganjarpranowo @mohmahfudmd @Yusrilihza_Mhd @bahlillahadalia @KemenkesRI @KemensosRI @susipudjiastuti @puanmaharani_ri They will not care. Mereka sedang bagi2 kue kekuasaan sekarang. Simpan tenagamu sobat.","0","0","0","13","in","15853114","1767897252700487740","andikasulaksana","https://twitter.com/andikasulaksana/status/1768060204518879664"
"Wed Mar 13 23:38:43 +0000 2024","1768059144605663365","@KatsuraaDa @okkaocha @Dandhy_Laksono @jokowi @prabowo @gibran_tweet @aniesbaswedan @HaveAniesDay @aniesbubble @cakimiNOW @Gerindra @PDI_Perjuangan @ganjarpranowo @mohmahfudmd @Yusrilihza_Mhd @bahlillahadalia @KemenkesRI @KemensosRI @susipudjiastuti @puanmaharani_ri Mohon maaf pemilu udah lewat","0","0","0","0","in","852936938","1767897252700487740","Rino10_","https://twitter.com/Rino10_/status/1768059144605663365"
"Wed Mar 13 23:38:24 +0000 2024","1768059063487823916","@ganjarpranowo Taik lu","0","0","0","0","in","1605037466762678272","1767909117749068112","Lucyfer62","https://twitter.com/Lucyfer62/status/1768059063487823916"
"Wed Mar 13 23:37:47 +0000 2024","1768058908512493980","kecurangan TSM hanya bisa dilakukan oleh rezim yg sedang berkuasa.  Dan rezim yg sedang berkuasa ini justru jadi pendukung Paslon 02.  @jokowi @ganjarpranowo @aniesbaswedan @cakimiNOW @mohmahfudmd @gibran_tweet","0","0","0","0","in","1499250630250364930","1768058908512493980","Jivan27love","https://twitter.com/Jivan27love/status/1768058908512493980"
"Wed Mar 13 23:36:23 +0000 2024","1768058556002242673","@Pencerah___ @ganjarpranowo Pekok,kalau gak tau nama gubernurnya ya wajar krn gonta ganti,kalau gak nama ibukota nya itu namanya goblog,ngaku junjungannya dah menang tp pendukungnya kok masih oleng.","0","0","0","0","in","1086106401443725312","1767478692673204493","NuryaniAmy","https://twitter.com/NuryaniAmy/status/1768058556002242673"
"Wed Mar 13 23:36:02 +0000 2024","1768058468697833503","@Heraloebss @aniesbaswedan @ganjarpranowo USUT  KECURANGAN SAMPAI TUNTAS NGAPAIN REFORMASI '98 KLO KECURANGAN DIBIARKAN  MELENGGANG GERAKAN REFORMASI '98 SUDAH BERUMUR 26TH..LHOO  Buktikan ada tidaknya kecurangan dgn hak angket.  DPR jangan diam aja","0","0","0","0","in","1009992538923520000","1767882386711417326","Yus_SB_","https://twitter.com/Yus_SB_/status/1768058468697833503"
"Wed Mar 13 23:34:39 +0000 2024","1768058120528712066","@bengkeldodo @aniesbaswedan @cakimiNOW @ganjarpranowo @mohmahfudmd @Ndons_Back @BANGSAygSUJUD @Abaaah @abby6mei @_NusantaraLand_ @99propaganda @4Y4NKZ @AlmaghribiS Nih...aliran goblok bin tolol...da..curang..nggk ngubah...trus...wani piro..tuh...","0","0","0","0","in","1600433690571853824","1767821315174752467","AkhsaninSulaim2","https://twitter.com/AkhsaninSulaim2/status/1768058120528712066"
"Wed Mar 13 23:31:42 +0000 2024","1768057379659428006","@Metro_TV @ganjarpranowo @KPK_RI Lapor balik bila tak bisa membuktikan‚òï","0","0","0","0","in","2300451702","1766044600169570340","caksegerr","https://twitter.com/caksegerr/status/1768057379659428006"
"Wed Mar 13 23:30:44 +0000 2024","1768057134074437741","@FaGtng @PDI_Perjuangan @ganjarpranowo @mohmahfudmd @KrisyantoOni Syahwat kliwatan  16% pingin jadi 75%.","0","0","0","0","in","1693832508130131968","1767337030600794436","ExaExa314613","https://twitter.com/ExaExa314613/status/1768057134074437741"
"Wed Mar 13 23:29:45 +0000 2024","1768056889345200147","@tempodotco Dukung @ganjarpranowo  lapor balik ke pelapor/kader @psi bila tak bisa membuktikan ‚òï","0","0","0","0","in","2300451702","1765197503555944912","caksegerr","https://twitter.com/caksegerr/status/1768056889345200147"
"Wed Mar 13 23:29:30 +0000 2024","1768056823020663215","@ganjarpranowo Innalilahi wa Inna ilaihi rajiun turut berdukacita","0","0","0","0","in","1488334826620915713","1767850881553453252","sisi_kika","https://twitter.com/sisi_kika/status/1768056823020663215"
"Wed Mar 13 23:28:46 +0000 2024","1768056639985508549","Gampang tinggal ngaku sbg suruhan kandidat yg kalah, sama2 dipenjara tho, dan pemilu tetap LEJITIMET...QIQIQIQIIQ. bukan begitu pak @ganjarpranowo @aniesbaswedan @cakimiNOW @mohmahfudmd @gibran_tweet @prabowo?","0","0","0","0","in","1693505626260000768","1768056639985508549","mangbud9rev","https://twitter.com/mangbud9rev/status/1768056639985508549"
"Wed Mar 13 23:28:01 +0000 2024","1768056450381922582","@Jim_Lee_77 @ganjarpranowo @AK__aja @Dennysiregar7 @balaputra_deva @JessicaNeo4 @Tietin_Tince @TrisiyoWong @Damput76 @tumbang_terus @_Dauph1ne_ @indahemy_ @gananjaya @AyamSegar3 Genek banget liat orang tolol kaya gitu, dikasusin aja ko !","0","1","0","2","in","4711924284","1767818217861554679","ws_parsito","https://twitter.com/ws_parsito/status/1768056450381922582"
"Wed Mar 13 23:22:16 +0000 2024","1768055005536481662","@KatsuraaDa @okkaocha @Dandhy_Laksono @jokowi @prabowo @gibran_tweet @aniesbaswedan @HaveAniesDay @aniesbubble @cakimiNOW @Gerindra @PDI_Perjuangan @ganjarpranowo @mohmahfudmd @Yusrilihza_Mhd @bahlillahadalia @KemenkesRI @KemensosRI @susipudjiastuti @puanmaharani_ri MEREKA NGGA AKAN PEDULI","0","0","0","0","in","1432018212376350725","1767897252700487740","KitaUang","https://twitter.com/KitaUang/status/1768055005536481662"
"Wed Mar 13 23:21:54 +0000 2024","1768054912158662660","@uplu_17 @Egivick @NoviBudi78 @aniesbaswedan @ganjarpranowo Iyaa.   Dua sukanya jogett melulu..üòÉü§£ü§£ü§£","0","1","0","0","in","1503028571304243200","1767458910561308770","RudiWah93009623","https://twitter.com/RudiWah93009623/status/1768054912158662660"
"Wed Mar 13 23:20:13 +0000 2024","1768054490094260577","@CLLim13 @Adhi_Beka2 @gilang_ahm31272 Silahkan hak angket. Tetapi tidak ada dalam ATURAN Pemilu! Hak angket diusulkan oleh Ganjar Pranowo yg mendapat suara paling kecil (17%) dan anehnya NGOTOT mau menang melalui hak angket yg tidak diatur dalam peraturan pemilu. Aneh bin ajaib!!! MEMALUKAN!!!","0","1","0","0","in","1413538671328854018","1763761416123900340","ASY650107","https://twitter.com/ASY650107/status/1768054490094260577"
"Wed Mar 13 23:18:50 +0000 2024","1768054141300133917","@ZulkifliLubis69 @KPU_ID @aniesbaswedan @cakimiNOW @prabowo @gibran_tweet @ganjarpranowo @mohmahfudmd @officialMKRI @DivHumas_Polri Gazz angket","0","0","0","0","in","1400587233443213318","1767968427262750811","YogaAdi06919893","https://twitter.com/YogaAdi06919893/status/1768054141300133917"
"Wed Mar 13 23:17:59 +0000 2024","1768053927449411799","@TeddGus Iya.. Maafkan mereka ya prof Teddy.  Maafkan atas ketidaktahuan mereka.. Maafkan atas ilmu mereka yg tidak sebanding dg anda..  Mohon ajari dan kasih paham ke @mohmahfudmd dan @ganjarpranowo bagaimana UU Pemilu itu..","0","0","0","0","in","1618565140437405699","1767902407177253137","BelangDoang","https://twitter.com/BelangDoang/status/1768053927449411799"
"Wed Mar 13 23:17:54 +0000 2024","1768053904598859889","@momon_garuk44 @ganjarpranowo @aniesbaswedan TERSANDERA....üòÇ","0","0","0","0","in","1583836515515666432","1767763486447489444","Bektisuryoyaho2","https://twitter.com/Bektisuryoyaho2/status/1768053904598859889"
"Wed Mar 13 23:16:40 +0000 2024","1768053595457646751","@okkaocha @Dandhy_Laksono Info woyyy jangan baik pas ada maunya doang. @jokowi @prabowo @gibran_tweet @aniesbaswedan @HaveAniesDay @aniesbubble @cakimiNOW @Gerindra @PDI_Perjuangan @ganjarpranowo @mohmahfudmd @Yusrilihza_Mhd  @bahlillahadalia @KemenkesRI @KemensosRI @susipudjiastuti @puanmaharani_ri","0","14","3","91","in","1286691364818673665","1767897252700487740","KatsuraaDa","https://twitter.com/KatsuraaDa/status/1768053595457646751"
"Wed Mar 13 23:15:59 +0000 2024","1768053423428284722","@okkaocha @jokowi @aniesbaswedan @ganjarpranowo @prabowo @msoekarnoputri Monggo pak,Monggo buk,ada rakyat butuh pertolongan üôèü•∫","0","1","0","2","in","895499034437206016","1767897252700487740","izinchicken","https://twitter.com/izinchicken/status/1768053423428284722"
"Wed Mar 13 23:15:02 +0000 2024","1768053181731520587","@empangbutek305 @xquitavee @puanmaharani_ri Yang mengatakan curang adalah yang kalah (Anies Baswedan + Ganjar Pranowo + para pemilih/pengikutnya), sedangkan sisanya mayoritas mengatakan tidak curang. Yang memalukan itu Ganjar Pranowo, sudah nilainya PALING DEDIKIT tetapi tidak mau menerima kenyataan dan NGOTOT!!!","0","0","0","0","in","1413538671328854018","1768036410865713592","ASY650107","https://twitter.com/ASY650107/status/1768053181731520587"
"Wed Mar 13 23:14:33 +0000 2024","1768053062596469130","@Heraloebss @aniesbaswedan @ganjarpranowo Lo ko pada ga terima klo 02 menang da 4x calon ya  emg klo si A dan c menang perobahan apa ??   Seperti nya nyungsep malah","0","0","0","0","in","1053876547738693632","1767882386711417326","Sudo37929160","https://twitter.com/Sudo37929160/status/1768053062596469130"
"Wed Mar 13 23:14:22 +0000 2024","1768053017067368628","@guszoomadijaya @Heraloebss @aniesbaswedan @ganjarpranowo https://t.co/tyZ8ZiANS7","0","0","0","0","qme","161188035","1767882386711417326","MasJJBram","https://twitter.com/MasJJBram/status/1768053017067368628"
"Wed Mar 13 23:12:40 +0000 2024","1768052589994955140","@ganjarpranowo suaranya hilang kemana ya....","0","0","0","0","in","2411480192","1767480174973706242","charoem_jr","https://twitter.com/charoem_jr/status/1768052589994955140"
"Wed Mar 13 23:11:36 +0000 2024","1768052320989057216","@bengkeldodo @aniesbaswedan @cakimiNOW @ganjarpranowo @mohmahfudmd @Ndons_Back @BANGSAygSUJUD @Abaaah @abby6mei @_NusantaraLand_ @99propaganda @4Y4NKZ @AlmaghribiS jangan bicara kecurangan tp ayo kita bicara kejujuran jadi sekarang bongkar semua biar jadi jujur","0","0","1","1","in","1737573153185132544","1767821315174752467","LuminadinP2194","https://twitter.com/LuminadinP2194/status/1768052320989057216"
"Wed Mar 13 23:11:29 +0000 2024","1768052291305923032","@blackshark7890 Pak @ganjarpranowo mau pindah partai tetap aja suaranya sedikit, ini karena sikap diri pak @ganjarpranowo , biar bisa instrospeksi diri üôè","0","0","0","1","in","2295109866","1765523607562957013","markushasto1","https://twitter.com/markushasto1/status/1768052291305923032"
"Wed Mar 13 23:10:23 +0000 2024","1768052015077433750","@NoviBudi78 @ganjarpranowo Media dia sendiri, ditulis sendiri, koen lapo komen?? Jokowi posting ibadah koen meneng ae..prabowo gak teraweh koen yo meneng ae...asu","0","0","0","0","in","980665194","1768013545470656760","nifta82","https://twitter.com/nifta82/status/1768052015077433750"
"Wed Mar 13 23:08:06 +0000 2024","1768051439170105697","@Pencerah___ @ajartwiterran @ganjarpranowo tetus kaitannya sama ganjar apa ? ..... contoh kedunguan anda ..... kenapa ayam bwrtelur ? ... karena ayam berkokok .... fakta tapi ga nyambung ........","0","0","0","0","in","1067127607043342337","1767478692673204493","endonesiatwit","https://twitter.com/endonesiatwit/status/1768051439170105697"
"Wed Mar 13 23:06:03 +0000 2024","1768050922096378258","@edi750920 @H1m4_W4r1 @aniesbaswedan @prabowo @ganjarpranowo AMIES udah ga laku ya, jualan ayat + mayat üòå","1","0","0","0","in","1745645189262434304","1767793537607987263","faiqotussalamah","https://twitter.com/faiqotussalamah/status/1768050922096378258"
"Wed Mar 13 23:05:33 +0000 2024","1768050796435042759","@Pencerah___ @ganjarpranowo emang kalo gubernurnya bukannganjar otomatis  bamyak yg tau ? ....... wkwkwk ..... logika yg dipaksakan sekaleeee .......","0","0","0","0","in","1067127607043342337","1767478692673204493","endonesiatwit","https://twitter.com/endonesiatwit/status/1768050796435042759"
"Wed Mar 13 23:05:29 +0000 2024","1768050779439742990","@HeryIdris5 @Maruahalsiahaa2 @maximilan_angel @ganjarpranowo Biarkan orang tua gila, dungu dan bodoh ini berkoar sesuka hatinya üòõ","0","0","0","1","in","1120982090122534912","1767555281050075577","Tegal_Suci","https://twitter.com/Tegal_Suci/status/1768050779439742990"
"Wed Mar 13 23:04:45 +0000 2024","1768050597901783539","@bengkeldodo @aniesbaswedan @cakimiNOW @ganjarpranowo @mohmahfudmd @Ndons_Back @BANGSAygSUJUD @Abaaah @abby6mei @_NusantaraLand_ @99propaganda @4Y4NKZ @AlmaghribiS Modal post gini doang, gaji gede","0","0","1","1","in","1670409711353733121","1767821315174752467","MunawirJrk","https://twitter.com/MunawirJrk/status/1768050597901783539"
"Wed Mar 13 23:00:49 +0000 2024","1768049607949652300","@Mdy_Asmara1701 Innalillahi ya Allaahh stay safe semarang semoga lekas membaik, pak @ganjarpranowo  gimana ini pak","1","5","0","0","in","1594332220772462596","1768028518041137385","Lolilope789","https://twitter.com/Lolilope789/status/1768049607949652300"
"Wed Mar 13 23:00:49 +0000 2024","1768049607173677487","@AstoMedia @Heraloebss @aniesbaswedan @ganjarpranowo https://t.co/9pz5oSf2wG","0","0","0","0","qme","1337930535037890560","1767882386711417326","Indonesiaemasss","https://twitter.com/Indonesiaemasss/status/1768049607173677487"
"Wed Mar 13 22:59:16 +0000 2024","1768049214440009953","@ganjarpranowo Semoga bapak ibu dan mas alam..sehat selalu ..Allah lancarkan dalam menjalankan ibadah puasanya y pak...","0","0","0","0","in","1480312484032516097","1767909117749068112","Leea39769014","https://twitter.com/Leea39769014/status/1768049214440009953"
"Wed Mar 13 22:58:52 +0000 2024","1768049113227202866","@Hamdie19 @ganjarpranowo @hendrarprihadi @MbakIta_SMG Mergone ora tenanan kerja ngabdi gawe Masy, sing digoleki cuma sugih gawe awake dewe. Semarang kota langganan banjir, harusnya ada pengkajian lebih utk ini, harus punya mitigasi resiko, tapi pejabate milih turu drpada resiko.","0","0","0","0","in","537090484","1768025358451064930","xgalsx","https://twitter.com/xgalsx/status/1768049113227202866"
"Wed Mar 13 22:58:43 +0000 2024","1768049075432399323","@bengkeldodo @aniesbaswedan @cakimiNOW @ganjarpranowo @mohmahfudmd @Ndons_Back @BANGSAygSUJUD @Abaaah @abby6mei @_NusantaraLand_ @99propaganda @4Y4NKZ @AlmaghribiS hak angket gas keun üí™üî•üî•üî•üî•üî•üî•üî•üî•üî•","0","0","0","0","in","1362230871323942912","1767821315174752467","Dina89020087","https://twitter.com/Dina89020087/status/1768049075432399323"
"Wed Mar 13 22:56:18 +0000 2024","1768048470311797225","@__AnakKolong @ganjarpranowo @mohmahfudmd @akbarfaizal68 Dan sisa2 formasi orba itu masih latent hingga kini, tinggal ditaburi biang maka akan terbentuk kembali. Dan mereka sdh meracuni generasi baru dgn mengatakan Isih penak jaman mbahmu to""""","0","0","0","1","in","228573286","1767914060421661172","MargonoWijoyo","https://twitter.com/MargonoWijoyo/status/1768048470311797225"
"Wed Mar 13 22:54:45 +0000 2024","1768048080442851741","@bengkeldodo @123Yantobo72274 @aniesbaswedan @cakimiNOW @ganjarpranowo @mohmahfudmd @Ndons_Back @BANGSAygSUJUD @Abaaah @abby6mei @_NusantaraLand_ @99propaganda @4Y4NKZ @AlmaghribiS Tujuan Hak Angket itu hanya sekadar seru-seruan saja, menghibur pendukung yg kecewa &amp  sakit hati karena jagoannya kalahüòÅü§≠  Toh, tdk mempengaruhi hasil Pilpres, apapun keputusan yg dihasilkan.   Dulu gak terima hasil Pilpres, bikin onar di jalanan, ini dipindah ke ruang ber AC","0","1","0","0","in","1320546826332762112","1767821315174752467","m4jumapan","https://twitter.com/m4jumapan/status/1768048080442851741"
"Wed Mar 13 22:53:39 +0000 2024","1768047802888978890","@xquitavee @rockygerung @ganjarpranowo @gibran_tweet @bengkeldodo @PartaiSocmed @zy_zy_its_me @AndreasSolusi @MikamiRambo @kurawa Saya mendukung sikap pak @ganjarpranowo, Dalam hidup memang harus dibuat garis pemisah yang jelas dan tidak abu2, dengan penghianat.","0","0","0","0","in","247382320","1767680142472798468","defranstony","https://twitter.com/defranstony/status/1768047802888978890"
"Wed Mar 13 22:51:39 +0000 2024","1768047300281335939","@j_dobos @alamganjar14 @ganjarpranowo üòÅüòÅüòÅ","0","0","0","0","qme","1265895268936904709","1767560614141133028","_MbakSri_","https://twitter.com/_MbakSri_/status/1768047300281335939"
"Wed Mar 13 22:50:09 +0000 2024","1768046920008958389","@Nhan4Oposite201 @gtobing2903 @ganjarpranowo @mohmahfudmd @puanmaharani_ri @officialMKRI https://t.co/pXOovJaD3V","0","0","0","0","qme","1740673077569302528","1767751704802644088","faza_dzaki","https://twitter.com/faza_dzaki/status/1768046920008958389"
"Wed Mar 13 22:49:39 +0000 2024","1768046795870142547","@ganjarpranowo yg ngefoto bapak ga ikut jamaah? Bisa jadi hindu sih, ga semua fotografer muslim juga","0","0","0","0","in","443873850","1767909117749068112","kojaaack","https://twitter.com/kojaaack/status/1768046795870142547"
"Wed Mar 13 22:43:19 +0000 2024","1768045203733229716","@gghhjjkk580dr0 @ganjarpranowo @mohmahfudmd @bachrum_achmadi @panca66 @BosPurwa ditunggu info kenaikan pajak terbarunya kakak","0","1","0","0","in","1008623257","1767849476365148279","basbosh24","https://twitter.com/basbosh24/status/1768045203733229716"
"Wed Mar 13 22:43:19 +0000 2024","1768045202823152065","@Chavesz08 @ganjarpranowo Sepantasnya dapat 16% sesuai kualitas dia ü§£ü§£ü§£","0","0","0","0","in","1444206305057538052","1768013545470656760","NoviBudi78","https://twitter.com/NoviBudi78/status/1768045202823152065"
"Wed Mar 13 22:42:48 +0000 2024","1768045071663071514","@1HandeDelisii @ganjarpranowo @mohmahfudmd @Mdy_Asmara1701 @msaid_didu @marlina_idha yes PPN naik 12 % di tahun 2025 kata pak arlangga","0","1","0","0","in","1008623257","1767848840919691296","basbosh24","https://twitter.com/basbosh24/status/1768045071663071514"
"Wed Mar 13 22:41:49 +0000 2024","1768044823448355141","@GlowTryz @ganjarpranowo @mohmahfudmd @QianzyZ @B_nin927 @Usuludin321 Aku gak peduli dengan kemenangan curang 02. Yang jelas pak Anies beda kelas dengan 02 karena pa Anies yang terbaik untuk RI 1. SALAM PERUBAHAN","0","1","0","0","in","1008623257","1767847219745693811","basbosh24","https://twitter.com/basbosh24/status/1768044823448355141"
"Wed Mar 13 22:41:28 +0000 2024","1768044737028915411","@Nos_Resorgemus @NoviBudi78 @aniesbaswedan @ganjarpranowo Persoalannya bukan hanya sekedar kalah-menang, tapi dengan cara apa kemenangan itu didapat! Dengan cara gentong babi kah? Rebus kodok kah? Atau dengan politik sandera ala mukidi","0","0","0","0","in","1661299442128142336","1767458910561308770","petugaspar66841","https://twitter.com/petugaspar66841/status/1768044737028915411"
"Wed Mar 13 22:41:21 +0000 2024","1768044708889256394","@gvfftj @ganjarpranowo @mohmahfudmd @kang___L @bangZhack86 @Ndons_Back Insya Allah ada mukjijat, anies menang","0","1","0","0","in","1008623257","1767846597352972493","basbosh24","https://twitter.com/basbosh24/status/1768044708889256394"
"Wed Mar 13 22:40:52 +0000 2024","1768044583441891776","@GlowTryz @ganjarpranowo @mohmahfudmd @bachrum_achmadi @panca66 @GeiszChalifah Kawal terus sampe tuntas jangan lengah takut terulang lagi 2019 diumumkan tengah malam","0","1","0","0","in","1008623257","1767846016940982503","basbosh24","https://twitter.com/basbosh24/status/1768044583441891776"
"Wed Mar 13 22:39:51 +0000 2024","1768044328075886997","@uplu_17 @NoviBudi78 @aniesbaswedan @ganjarpranowo Kirain di lokasi Food Estate, biar tambah afdol.","0","1","0","1","in","1604692705472233472","1767458910561308770","MamangReborn","https://twitter.com/MamangReborn/status/1768044328075886997"
"Wed Mar 13 22:35:44 +0000 2024","1768043295090114636","@bengkeldodo @aniesbaswedan @cakimiNOW @ganjarpranowo @mohmahfudmd @Ndons_Back @BANGSAygSUJUD @Abaaah @abby6mei @_NusantaraLand_ @99propaganda @4Y4NKZ @AlmaghribiS Lho kira semua orang goblok kayak lho, kecurangan secara brutal dan terang2an tak bisa ditutupi. Bahkan sekelas Jokowi saja yang mengatakan tak ada kecurangan, tak ada yang  percaya, kecuali pendukung 02 yang goblok","0","0","1","8","in","1603723014314397696","1767821315174752467","buang_asmara","https://twitter.com/buang_asmara/status/1768043295090114636"
"Wed Mar 13 22:35:00 +0000 2024","1768043108481335414","@BabyNepotisme @c_poluan @Cokrays @SOERYAW4DI @kpu @KawalPemilu_org @detikcom @aniesbaswedan @cakimiNOW @prabowo @gibran_tweet @ganjarpranowo @mohmahfudmd Congben Cong https://t.co/wKaVMzJgvB","0","1","0","0","vi","1753549065621839872","1767768999532880353","MarwanDrun","https://twitter.com/MarwanDrun/status/1768043108481335414"
"Wed Mar 13 22:33:31 +0000 2024","1768042737482477640","selamat pagi warga ganjar pranowo ndes!","1","20","0","10","in","1243789940216836096","1768042737482477640","SmgMenfess2","https://twitter.com/SmgMenfess2/status/1768042737482477640"
"Wed Mar 13 22:29:42 +0000 2024","1768041773576978735","@Pencerah___ @ganjarpranowo Ga ada hubunganya bro... Sudahlah bro... Lo ga sayang ma puasa lo? Provokasi mlulu Ganti aja nama akun lo... Malu2in aj pk nama akun itu.... Lek kadrun aja Lama2 lo.... üòî","0","0","0","0","in","1329611115722985474","1767478692673204493","Alle_ex_Xander","https://twitter.com/Alle_ex_Xander/status/1768041773576978735"
"Wed Mar 13 22:27:52 +0000 2024","1768041315223437680","@momon_garuk44 @ganjarpranowo @aniesbaswedan Bingung sendiri anak proklamator kok begini ya","0","0","0","0","in","2227486004","1767763486447489444","AnisMuha1004","https://twitter.com/AnisMuha1004/status/1768041315223437680"
"Wed Mar 13 22:26:31 +0000 2024","1768040973429604597","@Heraloebss @aniesbaswedan @ganjarpranowo Mungkin gak mudah dipahami kenapa Allah tuntaskan Fir'aun berjaya sampai akhir hayatnya. Yang menang belum tentu mulia, yang kalah belum tentu hina, yang curang pasti celaka. Semoga gak ada yang curang.","0","0","0","0","in","1711051967467081728","1767882386711417326","SimKuringEuy","https://twitter.com/SimKuringEuy/status/1768040973429604597"
"Wed Mar 13 22:25:49 +0000 2024","1768040797533077993","@ganjarpranowo Bukanya sudah Kendor bro...?","0","0","0","0","in","1674621273115348992","1767909117749068112","NurizkyNas97333","https://twitter.com/NurizkyNas97333/status/1768040797533077993"
"Wed Mar 13 22:25:46 +0000 2024","1768040784488792138","@ganjarpranowo Menyalaaaaa üî• buat yang MOTO","0","0","0","0","in","1719904624554176512","1767909117749068112","nagoyaalpa","https://twitter.com/nagoyaalpa/status/1768040784488792138"
"Wed Mar 13 22:25:02 +0000 2024","1768040602716045486","@bengkeldodo @aniesbaswedan @cakimiNOW @ganjarpranowo @mohmahfudmd @Ndons_Back @BANGSAygSUJUD @Abaaah @abby6mei @_NusantaraLand_ @99propaganda @4Y4NKZ @AlmaghribiS Apapun yang di share oleh Kawanan Kacung Buzzer, sama sekali gak percaya!! Karena tugas Buzzer cuman disuruh ngebodohin Rakyat!!! Padahal buzzer.nya sendiri bodoh bodoh wkwkk","0","0","0","1","in","1746956069983928320","1767821315174752467","MassAcongM2R","https://twitter.com/MassAcongM2R/status/1768040602716045486"
"Wed Mar 13 22:24:53 +0000 2024","1768040561490231715","@mas_veel Sebut saja skornya‚Ä¶.. 16 dari 100 utk mas @ganjarpranowo üòÄüòÄüòÄüòÄ","0","0","0","1","in","719200698","1768033677332938925","agent_pin","https://twitter.com/agent_pin/status/1768040561490231715"
"Wed Mar 13 22:22:12 +0000 2024","1768039886433779987","@guszoomadijaya @Heraloebss @aniesbaswedan @ganjarpranowo Iya pula, mantap Jaya","0","0","0","0","in","1970345821","1767882386711417326","HalohoParl","https://twitter.com/HalohoParl/status/1768039886433779987"
"Wed Mar 13 22:21:57 +0000 2024","1768039823338864859","@Jateng_Twit ini pasti yg disalahkan @ganjarpranowo, begitu halnya jakarta banjir sekarang disalahkan @aniesbaswedan . Pj= pajangan gubernur?","0","1","0","0","in","358528862","1767917605040611700","Labiebjeh","https://twitter.com/Labiebjeh/status/1768039823338864859"
"Wed Mar 13 22:20:40 +0000 2024","1768039500301959484","@ganjarpranowo Jiwa ku jiwa jawa, leluhur ku jawa, aku cinta jawa. Tanah jawa. Darah ku darah jawa, lahir batin ku jawa. Jawa punya ku, jawa milik ku. Tumpah darah ku jawa. üíòüíòüíòhttps://t.co/qBJIb7p7XL","0","0","0","0","in","1692678606315786240","1768039500301959484","ErianiFati777","https://twitter.com/ErianiFati777/status/1768039500301959484"
"Wed Mar 13 22:19:17 +0000 2024","1768039152468328605","@ganjarpranowo ini pasti Tanggal 24 Pukul 16 Wib tapi koq gelap","0","0","0","0","in","925295869728997377","1767909117749068112","GuesPry","https://twitter.com/GuesPry/status/1768039152468328605"
"Wed Mar 13 22:18:41 +0000 2024","1768039004686221782","@atipsthahir @bengkeldodo @aniesbaswedan @cakimiNOW @ganjarpranowo @mohmahfudmd @Ndons_Back @BANGSAygSUJUD @Abaaah @abby6mei @_NusantaraLand_ @99propaganda @4Y4NKZ @AlmaghribiS @BurhanMuhtadi","0","0","0","0","qam","1697417880797839360","1767821315174752467","ruhutbeleng","https://twitter.com/ruhutbeleng/status/1768039004686221782"
"Wed Mar 13 22:18:09 +0000 2024","1768038867037503574","@Pencerah___ @ganjarpranowo Remaja Muslim tapi tukang cebok!!! MENJIJIKAN üò≠üò≠üò≠","0","0","0","0","in","1757591290924183552","1767478692673204493","Salvatore_exs","https://twitter.com/Salvatore_exs/status/1768038867037503574"
"Wed Mar 13 22:16:48 +0000 2024","1768038527768690926","@__AnakKolong @ganjarpranowo @mohmahfudmd @akbarfaizal68 1 keluarga yg urat malu udah putus Penghancur demokrasi di negeri ini demi ambisi melanggengkan kuasa... nauzubillah","0","0","0","4","in","1753794474457907200","1767914060421661172","triadisini","https://twitter.com/triadisini/status/1768038527768690926"
"Wed Mar 13 22:16:36 +0000 2024","1768038478997323858","@ganjarpranowo menyala pak","0","0","0","0","in","1339913518812782592","1767909117749068112","outofwhaack","https://twitter.com/outofwhaack/status/1768038478997323858"
"Wed Mar 13 22:16:20 +0000 2024","1768038411611636197","@bengkeldodo @aniesbaswedan @cakimiNOW @ganjarpranowo @mohmahfudmd @Ndons_Back @BANGSAygSUJUD @Abaaah @abby6mei @_NusantaraLand_ @99propaganda @4Y4NKZ @AlmaghribiS No koment lg puasa","0","0","0","0","in","1577064196843667456","1767821315174752467","hardiansysh2","https://twitter.com/hardiansysh2/status/1768038411611636197"
"Wed Mar 13 22:15:52 +0000 2024","1768038294175232146","@JusufGibran @bertumbuh51 @aniesbaswedan @prabowo @ganjarpranowo Lah emangnye link apaan seyh yg dimintak wikwikwik","0","0","0","0","in","1379044492464943104","1767793537607987263","H1m4_W4r1","https://twitter.com/H1m4_W4r1/status/1768038294175232146"
"Wed Mar 13 22:15:26 +0000 2024","1768038186276848117","@roosfeary @__AnakKolong @ganjarpranowo @mohmahfudmd @akbarfaizal68 Amin","0","0","0","0","en","1753794474457907200","1767914060421661172","triadisini","https://twitter.com/triadisini/status/1768038186276848117"
"Wed Mar 13 22:13:12 +0000 2024","1768037624839811376","@Heraloebss @aniesbaswedan @ganjarpranowo Teruslah pura pura bahagia..   Sepanjang sejarah impor beras tertinggi tahun ini, negara agraris tapi impor, sdh impor beraspun masih susah didapat dan hargapun tinggi..   Kalo salah elnino knp singapor, thailand vietnam dsb harga beras masih standar?   02 dilarang komplen.","0","0","1","17","in","1754107716447219712","1767882386711417326","Gama2024Wajib","https://twitter.com/Gama2024Wajib/status/1768037624839811376"
"Wed Mar 13 22:10:24 +0000 2024","1768036918619767075","@H1m4_W4r1 @bertumbuh51 @aniesbaswedan @prabowo @ganjarpranowo Kok jadi kemana mana mbak,kasian sekali anda","0","1","0","0","in","4898789558","1767793537607987263","JusufGibran","https://twitter.com/JusufGibran/status/1768036918619767075"
"Wed Mar 13 22:10:16 +0000 2024","1768036883781878214","@xquitavee @rockygerung @ganjarpranowo @gibran_tweet @bengkeldodo @PartaiSocmed @zy_zy_its_me @AndreasSolusi @MikamiRambo @kurawa Hati¬≤ ini akun perusak tatanan negara Indonesia","0","0","0","0","in","1738886831364808704","1767680142472798468","twettrrrr","https://twitter.com/twettrrrr/status/1768036883781878214"
"Wed Mar 13 22:10:10 +0000 2024","1768036858405982655","@Heraloebss @aniesbaswedan @ganjarpranowo Menang tapi tak ada rasa percaya diri,krn menang dgn cara2 curang. Klu bikan karena curang,suara 02 cuma 15%.","0","0","0","0","in","1731791594322366464","1767882386711417326","YaqubZahri77735","https://twitter.com/YaqubZahri77735/status/1768036858405982655"
"Wed Mar 13 22:08:06 +0000 2024","1768036338614546703","@ganjarpranowo Salah kasih gambar payung, maksudnya yg ini üòÇüòÇüòÇhttps://t.co/zAULN1TSuT","0","0","0","0","in","1692678606315786240","1768036338614546703","ErianiFati777","https://twitter.com/ErianiFati777/status/1768036338614546703"
"Wed Mar 13 22:07:26 +0000 2024","1768036173019316637","@NizarPemainGT @Heraloebss @aniesbaswedan @ganjarpranowo Tanggung Sendiri...? Enak Aje.. !! Tanggung Dan Rasakan Bersamalaah.. Elu Khan Mau ga mau harus ikut ngerasain dampak keputusan mereka yg sudah boleh mengatas namakan keputusan Negara.. Jadi warga negara yang tidak baik Harus menikmati juga dwoong.. awok awok awokwok.. ü§£ü§£ü§£","0","0","0","0","in","1678166307110522880","1767882386711417326","guszoomadijaya","https://twitter.com/guszoomadijaya/status/1768036173019316637"
"Wed Mar 13 22:06:54 +0000 2024","1768036037509656607","@ganjarpranowo Berkah Barokah, untuk lebih Baik kedepannya. Adap dan Sopan santun terutama.","0","0","0","0","in","98831818","1767909117749068112","tribudiarto","https://twitter.com/tribudiarto/status/1768036037509656607"
"Wed Mar 13 22:06:53 +0000 2024","1768036033797759167","@momon_garuk44 @ganjarpranowo @aniesbaswedan Angket sudah berjalan, sedangkan pemakzulan presiden dalam tahap proses lobi di DPR.","0","1","0","0","in","1133036921930653696","1767763486447489444","Sambinggo_s","https://twitter.com/Sambinggo_s/status/1768036033797759167"
"Wed Mar 13 22:05:28 +0000 2024","1768035676216590500","@Heraloebss @aniesbaswedan @ganjarpranowo https://t.co/AtRgG2KmX5","0","0","0","0","qme","1730835634288574464","1767882386711417326","sultan411131","https://twitter.com/sultan411131/status/1768035676216590500"
"Wed Mar 13 22:04:00 +0000 2024","1768035306975133863","@ganjarpranowo Yang ngefoto ga ikut sholat kah? Apa non islam?","0","0","0","0","in","1718965008892301312","1767909117749068112","_HakimGaris","https://twitter.com/_HakimGaris/status/1768035306975133863"
"Wed Mar 13 22:03:48 +0000 2024","1768035257004294276","@HalohoParl @Heraloebss @aniesbaswedan @ganjarpranowo Dalam politik menurut politisi Marwah itu Ga Penting... Yg penting Bisa Menang Dan Berkuasa... SELESAI.. ü§£ü§£ü§£","0","1","0","0","in","1678166307110522880","1767882386711417326","guszoomadijaya","https://twitter.com/guszoomadijaya/status/1768035257004294276"
"Wed Mar 13 22:02:55 +0000 2024","1768035035037532632","@bertumbuh51 @aniesbaswedan @prabowo @ganjarpranowo Yahhhhh udah marah2aje nih bani monas 212 Sekolah kagak, kuliah kagak, REUNIAN mulu aje kerja luh. Ngiahhahahahaahhah","0","0","0","0","in","1379044492464943104","1767793537607987263","H1m4_W4r1","https://twitter.com/H1m4_W4r1/status/1768035035037532632"
"Wed Mar 13 22:02:13 +0000 2024","1768034859719819471","@amienraisbima @Heraloebss @aniesbaswedan @ganjarpranowo Asal jgn Orang Yaman Jadi presiden di Indonistan.. ü§£ü§£ü§£ bisa Houty cemua nanti...","0","0","0","0","in","1678166307110522880","1767882386711417326","guszoomadijaya","https://twitter.com/guszoomadijaya/status/1768034859719819471"
"Wed Mar 13 22:01:43 +0000 2024","1768034733722927205","@JusufGibran @bertumbuh51 @aniesbaswedan @prabowo @ganjarpranowo Klo Link XNXX biaa ditanyakan ke Wan Uban koalisi 03 Oun Ngiahahahahahahahaa","0","1","0","0","in","1379044492464943104","1767793537607987263","H1m4_W4r1","https://twitter.com/H1m4_W4r1/status/1768034733722927205"
"Wed Mar 13 22:00:46 +0000 2024","1768034494223974421","@ganjarpranowo ‚òî‚òî‚òîhttps://t.co/9KXoItkEsd","0","0","0","0","qme","1692678606315786240","1768034494223974421","ErianiFati777","https://twitter.com/ErianiFati777/status/1768034494223974421"
"Wed Mar 13 22:00:34 +0000 2024","1768034444689244205","@dona_kamila @aniesbaswedan @prabowo @ganjarpranowo Yes, ikut2 terpengaruh oleh lingkunganya. Klo lingkungannnya bani monas 212 ala ikhwanul muslimin LOKAL PRETTTT yah bakalan ke 01. Ngiahaahhahahaahha","0","1","0","3","in","1379044492464943104","1767793537607987263","H1m4_W4r1","https://twitter.com/H1m4_W4r1/status/1768034444689244205"
"Wed Mar 13 22:00:30 +0000 2024","1768034425349308684","@Heraloebss @aniesbaswedan @ganjarpranowo saya cuma kasihan smaa orang2 bodoh,miskin, mau2nya milih berkali2, diajakin berubah aja sulit. ya udah..","0","4","1","5","in","1592828300","1767882386711417326","amienraisbima","https://twitter.com/amienraisbima/status/1768034425349308684"
"Wed Mar 13 22:00:16 +0000 2024","1768034369619591437","@Irma2rfuah @herryuntitledz @Heraloebss @aniesbaswedan @ganjarpranowo Waaah cocok ini... Semoga ekspektasi ini terjadi tanpa hambatan.. pokoknya asal jangan orang Yaman jadi presiden di Indonistan... ü§£ü§£ü§£","0","0","0","0","in","1678166307110522880","1767882386711417326","guszoomadijaya","https://twitter.com/guszoomadijaya/status/1768034369619591437"
"Wed Mar 13 21:59:28 +0000 2024","1768034166187458844","@01NowOrNever @aniesbaswedan @prabowo @ganjarpranowo Aye inget sama salah satu konten Ayah Edy Parenting, klo punya anak entuh harus distimulus rasa keingintahuannya, dngn memberikan pentunjuk atau jalan, bukan diberikan jawaban langsung. Kayaknye didikan bokap nyokap lu beda, mangkanye jadi BEGOK kaya gini, segala apa disuapin. ü§£","0","1","0","0","in","1379044492464943104","1767793537607987263","H1m4_W4r1","https://twitter.com/H1m4_W4r1/status/1768034166187458844"
"Wed Mar 13 21:58:25 +0000 2024","1768033904500638080","@AbdulDhoib @Heraloebss @aniesbaswedan @ganjarpranowo Delusional Tingkat Tinggi... ü§£ü§£ü§£","0","0","0","0","in","1678166307110522880","1767882386711417326","guszoomadijaya","https://twitter.com/guszoomadijaya/status/1768033904500638080"
"Wed Mar 13 21:57:45 +0000 2024","1768033734555468155","@Adnanad75579946 @__AnakKolong @ganjarpranowo @mohmahfudmd @akbarfaizal68 Apakah mau dijadikan seperti KORUT ?","0","1","0","2","in","1749560794210246656","1767914060421661172","Yanspekaknata","https://twitter.com/Yanspekaknata/status/1768033734555468155"
"Wed Mar 13 21:56:58 +0000 2024","1768033537159299386","@Kingcube12 @NetralID62 @aniesbaswedan @prabowo @ganjarpranowo Nyang nanges entuh mostly gen Z Oum, mana ada mrka fanatik sama partai tertentu, tipe mrk lebih profilnya. Btw paham amat goceng sekali komen"", apa jngn2 gtu yah tarifnya @Dennysiregar7 @DS_yantie &amp  @Miduk17  Ngiahahahhahhahahaha""","0","0","0","0","in","1379044492464943104","1767793537607987263","H1m4_W4r1","https://twitter.com/H1m4_W4r1/status/1768033537159299386"
"Wed Mar 13 21:55:49 +0000 2024","1768033246544363787","@Strongerma77798 @Radyan_Rizky @Heraloebss @aniesbaswedan @ganjarpranowo Penyejuk doang ini.. ibarat es batu sekilo jatoh di gurun panas gersang... ü§£ü§£ü§£","0","0","0","0","in","1678166307110522880","1767882386711417326","guszoomadijaya","https://twitter.com/guszoomadijaya/status/1768033246544363787"
"Wed Mar 13 21:55:14 +0000 2024","1768033102314832160","@NoviBudi78 @ganjarpranowo Maklumlah capres2an. Bikin konten dg caption kelas anak2   Untung 16%","0","1","0","1","in","1523245126784413696","1768013545470656760","Chavesz08","https://twitter.com/Chavesz08/status/1768033102314832160"
"Wed Mar 13 21:54:23 +0000 2024","1768032889349046509","@Hamdie19 @ganjarpranowo @hendrarprihadi @MbakIta_SMG Sawah besar &amp  sekitarnya ü•π https://t.co/rxHQDuWil0","1","0","0","1","in","1739034324052353024","1768025358451064930","arifmuhamad80","https://twitter.com/arifmuhamad80/status/1768032889349046509"
"Wed Mar 13 21:54:01 +0000 2024","1768032794503163983","@MasJJBram @Heraloebss @aniesbaswedan @ganjarpranowo Kirimlah link tersebut... Biar kita nasehatin kegoblokkan mereka sudah harus di akhiri.. walopun saya golput... ü§£ü§£ü§£","0","1","0","0","in","1678166307110522880","1767882386711417326","guszoomadijaya","https://twitter.com/guszoomadijaya/status/1768032794503163983"
"Wed Mar 13 21:53:28 +0000 2024","1768032658507137525","@__AnakKolong @ganjarpranowo @mohmahfudmd @akbarfaizal68 Ini hanya tentang 1 keluarga yang ingin menguasi 1 Negara Demokrasi dengan jumlah penduduk hampir 300jt jiwa,  secara Turun-Temurun dari Bapak ke anak ke cucu, ke cicit dst... tanpa mengindahkan aturan, hukum, Norma, dan Etika ü§£ü§£ü§£","0","1","2","9","in","1183221936848961536","1767914060421661172","Adnanad75579946","https://twitter.com/Adnanad75579946/status/1768032658507137525"
"Wed Mar 13 21:53:18 +0000 2024","1768032612927627563","@welkamtudehel @bertumbuh51 @aniesbaswedan @prabowo @ganjarpranowo Kaya bani monas 212 kepanasan ngelilingin monas, ga dapet logistik nasi bungkus pulak yah. Ngiahahahahaaha","0","0","0","0","in","1379044492464943104","1767793537607987263","H1m4_W4r1","https://twitter.com/H1m4_W4r1/status/1768032612927627563"
"Wed Mar 13 21:52:44 +0000 2024","1768032474058424426","@NoviBudi78 @aniesbaswedan @ganjarpranowo Buakakakakkk https://t.co/KeLsrXcG3w","0","0","0","0","in","1743051818396172289","1767458910561308770","uplu_17","https://twitter.com/uplu_17/status/1768032474058424426"
"Wed Mar 13 21:52:24 +0000 2024","1768032390084178067","@Egivick @RudiWah93009623 @NoviBudi78 @aniesbaswedan @ganjarpranowo Buakakakakkkj https://t.co/svcg2y4vle","0","1","0","1","in","1743051818396172289","1767458910561308770","uplu_17","https://twitter.com/uplu_17/status/1768032390084178067"
"Wed Mar 13 21:51:45 +0000 2024","1768032224417644651","@NoviBudi78 @aniesbaswedan @ganjarpranowo Buakakakkk https://t.co/9cLEKzlBu4","0","0","0","0","in","1743051818396172289","1767458910561308770","uplu_17","https://twitter.com/uplu_17/status/1768032224417644651"
"Wed Mar 13 21:51:39 +0000 2024","1768032201269281094","@Elzafi89 @deenarnew @CNNIndonesia @ganjarpranowo @mohmahfudmd Trs ada yg bilang ini curang culasnya kebangetan. Kenyataanya emang org2 ga mau milih 03, bahkan dikandang sendiri üòÜ","0","0","0","0","in","1369662723886178309","1765894154473595290","Kenko2019","https://twitter.com/Kenko2019/status/1768032201269281094"
"Wed Mar 13 21:51:22 +0000 2024","1768032128716210516","@agresi03 @RudiWah93009623 @NoviBudi78 @aniesbaswedan @ganjarpranowo Buakakakkk https://t.co/zypKx0ihLB","0","0","0","0","in","1743051818396172289","1767458910561308770","uplu_17","https://twitter.com/uplu_17/status/1768032128716210516"
"Wed Mar 13 21:50:29 +0000 2024","1768031904279003597","@brother_djon @KPU_ID @bawaslu_RI @PDemokrat @aniesbaswedan @ganjarpranowo @mohmahfudmd @Yusrilihza_Mhd @SBYudhoyono @AgusYudhoyono @Fahrihamzah @abu_waras @AbdulRachimmks","0","0","1","1","qam","1697417880797839360","1767930385328189859","ruhutbeleng","https://twitter.com/ruhutbeleng/status/1768031904279003597"
"Wed Mar 13 21:50:21 +0000 2024","1768031871164973173","@supri_hart33161 @bertumbuh51 @aniesbaswedan @prabowo @ganjarpranowo Hasil exit poll @indikatorcoid ala @BurhanMuhtadi itu justru Banteng &amp  PKB yg masif dengan serangan FAJAR lho Oum. Otak oum dimana seyh? Ngiahahahahhaahaaaa","0","1","0","0","in","1379044492464943104","1767793537607987263","H1m4_W4r1","https://twitter.com/H1m4_W4r1/status/1768031871164973173"
"Wed Mar 13 21:49:58 +0000 2024","1768031777548108285","@rayaharp @Jackmarpaung99 @NoviBudi78 @aniesbaswedan @ganjarpranowo Passs bro https://t.co/eJBFesq1j3","0","0","0","0","es","1743051818396172289","1767458910561308770","uplu_17","https://twitter.com/uplu_17/status/1768031777548108285"
"Wed Mar 13 21:48:52 +0000 2024","1768031501248246127","@deenarnew @CNNIndonesia @ganjarpranowo @mohmahfudmd Hayoloh ketahuan ?? Buktikan klo 03 suaranya diatas 50%. Lah ini sama 01 aja kalah .","0","0","0","0","in","1369662723886178309","1765894154473595290","Kenko2019","https://twitter.com/Kenko2019/status/1768031501248246127"
"Wed Mar 13 21:48:49 +0000 2024","1768031485226090872","@MamangReborn @NoviBudi78 @aniesbaswedan @ganjarpranowo Buakakaakkkk D kebonnn bro https://t.co/v55vQnXIuc","0","1","0","1","in","1743051818396172289","1767458910561308770","uplu_17","https://twitter.com/uplu_17/status/1768031485226090872"
"Wed Mar 13 21:45:13 +0000 2024","1768030581106114673","@TeddGus @ganjarpranowo @aniesbaswedan Dasar otak Lo otak pki","0","0","0","0","in","1560089841584336897","1766438606326161530","Sukriad05524120","https://twitter.com/Sukriad05524120/status/1768030581106114673"
"Wed Mar 13 21:44:58 +0000 2024","1768030517394636818","@believenalendra @edi750920 @aniesbaswedan @prabowo @ganjarpranowo Kalok di ulang, aye takut malah ga nyentuh 16% tuh Wan Uban Ngiahahahahhahaahaaaa","0","0","0","0","in","1379044492464943104","1767793537607987263","H1m4_W4r1","https://twitter.com/H1m4_W4r1/status/1768030517394636818"
"Wed Mar 13 21:44:55 +0000 2024","1768030503410827306","@FaGtng @ganjarpranowo @mohmahfudmd @basuki_btp https://t.co/R7DLVKokBn","0","0","0","0","qme","17501468","1767716094297637013","hunggul","https://twitter.com/hunggul/status/1768030503410827306"
"Wed Mar 13 21:44:16 +0000 2024","1768030342269862387","@Pencerah___ @ganjarpranowo Bodoh kali in orang, orang g tw ibukota jawa tengah yg disalahin masa pak Ganjar ü§¶‚Äç‚ôÇÔ∏è.","0","0","0","0","in","1752015252735307776","1767478692673204493","Abdulahmad2018","https://twitter.com/Abdulahmad2018/status/1768030342269862387"
"Wed Mar 13 21:44:12 +0000 2024","1768030325312290834","@edi750920 @aniesbaswedan @prabowo @ganjarpranowo Ya minimal kagak jualan ayat &amp  mayat lah Oum. Apalagi kalok cuman bermodal omon-omon koson Ngiahahahahhahahaha","0","2","0","1","in","1379044492464943104","1767793537607987263","H1m4_W4r1","https://twitter.com/H1m4_W4r1/status/1768030325312290834"
"Wed Mar 13 21:42:39 +0000 2024","1768029933660766536","@Heraloebss @aniesbaswedan @ganjarpranowo Klu saya mah dijogetin aja ya sembako naik pajak naik dan semua kebutuhan pokok naik, gaji karyawan gak naik gaji pejabat naik BBM akan diganti, klu saya gak nyesel karena tidak memilih 02, alhamdulilah tidak dalam barisan yg salah","0","0","0","0","in","1148195613034467328","1767882386711417326","usernana3850","https://twitter.com/usernana3850/status/1768029933660766536"
"Wed Mar 13 21:41:28 +0000 2024","1768029638310461607","@SandjojoS @Dennysiregar7 @islah_bahrawi @nongandah @yusuf_dumdum @Miduk17 @ganjarpranowo @msoekarnoputri @PDI_Perjuangan ü§£ü§£ü§£ü§£ü§£ü§£ü§£ü§≠ü§≠ü§≠ü§≠ü§≠  Faktanya kebikannya, METAL= MENANGIS TOTALü§£","0","0","1","4","in","1709123175450288128","1768024444218605935","mas_veel","https://twitter.com/mas_veel/status/1768029638310461607"
"Wed Mar 13 21:41:23 +0000 2024","1768029616382578960","evakuasi.. @BPBD_Semarang @BNPB_Indonesia @ganjarpranowo @PUPR_SDA_PENA @KemenPU","0","0","0","0","in","1369573838007062535","1768029616382578960","AikHoki","https://twitter.com/AikHoki/status/1768029616382578960"
"Wed Mar 13 21:40:53 +0000 2024","1768029490058592538","@__AnakKolong @ganjarpranowo @mohmahfudmd @akbarfaizal68 https://t.co/cwjrKjW5Es","0","0","0","0","qme","17501468","1767914060421661172","hunggul","https://twitter.com/hunggul/status/1768029490058592538"
"Wed Mar 13 21:40:45 +0000 2024","1768029455417835867","@WIldan050406 @aniesbaswedan @prabowo @ganjarpranowo Kamsudnye?","0","0","0","0","in","1379044492464943104","1767793537607987263","H1m4_W4r1","https://twitter.com/H1m4_W4r1/status/1768029455417835867"
"Wed Mar 13 21:39:12 +0000 2024","1768029066949787809","@ZulkifliLubis69 @KPU_ID @aniesbaswedan @cakimiNOW @prabowo @gibran_tweet @ganjarpranowo @mohmahfudmd @officialMKRI @DivHumas_Polri Bongkar https://t.co/WGXcTjqip0","0","0","2","7","in","798901988909907968","1767968427262750811","Syarman59","https://twitter.com/Syarman59/status/1768029066949787809"
"Wed Mar 13 21:36:05 +0000 2024","1768028282694631469","@ZulkifliLubis69 @KPU_ID @aniesbaswedan @cakimiNOW @prabowo @gibran_tweet @ganjarpranowo @mohmahfudmd @officialMKRI @DivHumas_Polri Klo bener di buka nih sidangnya ambyar KPU .. Siap2 semua komisionernya di penjara juga yg accnya ikut .. Jadi inget ketum PROJO  klo 2024 kalah PENJARA SEMUA","0","0","1","3","in","4143452053","1767968427262750811","khasdani","https://twitter.com/khasdani/status/1768028282694631469"
"Wed Mar 13 21:34:20 +0000 2024","1768027841470628177","@FaGtng @PDI_Perjuangan @ganjarpranowo @mohmahfudmd @KrisyantoOni Si oni TDK punya pendirian,jaman Ahok di kriminalisasi dia bela lalu berpaling ke Anis,kala Jokowi di hina di maki di kritik dia bela tapi melihat demokrasi di acak2 Jokowi dia bela.","0","0","0","0","in","1547402423173464065","1767337030600794436","KunkunTarkun","https://twitter.com/KunkunTarkun/status/1768027841470628177"
"Wed Mar 13 21:32:42 +0000 2024","1768027431645184065","@Heraloebss @aniesbaswedan @ganjarpranowo pesta hampir telah usai, keadaan harga sembako tempat nenek sdh turun nek ?","0","0","0","0","in","1464371134271471618","1767882386711417326","bramhuge","https://twitter.com/bramhuge/status/1768027431645184065"
"Wed Mar 13 21:31:18 +0000 2024","1768027078669336606","@Heraloebss @aniesbaswedan @ganjarpranowo Halo @deddysitorus @chicohakim @Masinton @ekokuntadhi1 @Dennysiregar7  ngamuklah klean. Kalah telak di kandang noh. @KawalPemilu_org juga menyatakan 02 menang telak üòÇ","0","0","0","0","in","1483446519991013377","1767882386711417326","JhonDoe60200248","https://twitter.com/JhonDoe60200248/status/1768027078669336606"
"Wed Mar 13 21:31:15 +0000 2024","1768027066367443205","@Heraloebss @aniesbaswedan @ganjarpranowo Nikmat Tuhan manalagi yg hendak engkau ingkari.?  Tuhan telah mengestafetkan Pemimpin yg terbaik bagi bangsa n negri tercinta ini. #Bravo02","0","0","0","0","in","344536106","1767882386711417326","Ceha_Anwar","https://twitter.com/Ceha_Anwar/status/1768027066367443205"
"Wed Mar 13 21:26:09 +0000 2024","1768025781022982454","@momon_garuk44 @ganjarpranowo @aniesbaswedan Wajar saja pernyataannya","0","0","0","0","in","1076090067553153024","1767763486447489444","adiw9237","https://twitter.com/adiw9237/status/1768025781022982454"
"Wed Mar 13 21:25:25 +0000 2024","1768025596100313384","@xquitavee @rockygerung @ganjarpranowo @gibran_tweet @bengkeldodo @PartaiSocmed @zy_zy_its_me @AndreasSolusi @MikamiRambo @kurawa Anda ini masih manusia kan ? Tolong jgn ambil alih tugas anjing. . https://t.co/9jtoY4FPAo","0","0","0","0","in","1663683191763525632","1767680142472798468","Presiden_Swasta","https://twitter.com/Presiden_Swasta/status/1768025596100313384"
"Wed Mar 13 21:24:28 +0000 2024","1768025358451064930","Mantan gubernur @ganjarpranowo 10 tahun, Mantan walikota @hendrarprihadi  Walikota @MbakIta_SMG saiki  Ga iso ngantasi banjir üòÜ  Solusine gur di unggah ke dalane wargane kelep","0","2","6","25","in","354700451","1768025358451064930","Hamdie19","https://twitter.com/Hamdie19/status/1768025358451064930"
"Wed Mar 13 21:22:08 +0000 2024","1768024770598285704","@puanmaharani_ri Mba @puanmaharani_ri  Minta Ulang seluruh kalimantan  Pengutan suara ulang mba @puanmaharani_ri  jadi saksi biar bisa sadar diri hey @ganjarpranowo kami hanya Caleg Kami Dari PDIP, makanya mba @puanmaharani_ri  milih kader jangan menyusahkan, paling suara bontot merasa besarü§£ü§£","0","0","0","0","in","1614241964882526208","1767858997871411576","SakaTata7","https://twitter.com/SakaTata7/status/1768024770598285704"
"Wed Mar 13 21:21:47 +0000 2024","1768024682295689454","https://t.co/InR8Q2tQx3   @KPU_ID @DPR_RI @abu_waras @bawaslu_RI @BurhanMuhtadi @jokowi @andre_rosiade @Fahrihamzah @ganjarpranowo @bengkeldodo @cakimiNOW @PDI_Perjuangan @NasDem @DPDRI","0","0","0","0","qme","1587979479942844416","1768024682295689454","YonaSyahrul","https://twitter.com/YonaSyahrul/status/1768024682295689454"
"Wed Mar 13 21:20:50 +0000 2024","1768024444218605935","Selamat pagi.. üí™üá≤üá® @Dennysiregar7 @islah_bahrawi @nongandah @yusuf_dumdum @Miduk17 @ganjarpranowo @msoekarnoputri Pak Jokowi kalau tidak ada @PDI_Perjuangan .. ciaann deh.."" Cek fakta.. üòÇ https://t.co/uQ1r71zJsC""","4","10","14","37","in","1139453366080176128","1768024444218605935","SandjojoS","https://twitter.com/SandjojoS/status/1768024444218605935"
"Wed Mar 13 21:19:58 +0000 2024","1768024227628917196","@Gyoucancallme @ganjarpranowo Kok sampe gowo2 warna kulit lho mbak","0","0","0","3","in","329031260","1767909117749068112","subiyantofa_","https://twitter.com/subiyantofa_/status/1768024227628917196"
"Wed Mar 13 21:19:39 +0000 2024","1768024147748421651","@EvosNobru11664 @Alfatih007Mr @bengkeldodo @123Yantobo72274 @aniesbaswedan @cakimiNOW @ganjarpranowo @mohmahfudmd @Ndons_Back @BANGSAygSUJUD @Abaaah @abby6mei @_NusantaraLand_ @99propaganda @4Y4NKZ @AlmaghribiS Dodo kl ga goblok kaga buka bengkel, dia ninggalin bengkel demi jd buzzer si wiwi buat nyebokinüòÇ","0","1","0","0","in","1683795121228353539","1767821315174752467","presideninsyaf","https://twitter.com/presideninsyaf/status/1768024147748421651"
"Wed Mar 13 21:19:28 +0000 2024","1768024101145510158","@Maudy_Apain @Pencerah___ @ganjarpranowo Yg bodoh yg ngasih pertanyaan tuh,udah tahu jawabannya ko masih nanya.ü§£","0","0","0","1","in","1538827089939353601","1767478692673204493","Jarwo99661180","https://twitter.com/Jarwo99661180/status/1768024101145510158"
"Wed Mar 13 21:16:57 +0000 2024","1768023468740936026","@outdoorjunkie75 ni om @ganjarpranowo om @YusufKalla2  @mohmahfudmd  jangan dibikin mumet yaaü§£üòÇ","0","0","0","1","in","1242860255509266435","1768018427682456012","dedipechu03","https://twitter.com/dedipechu03/status/1768023468740936026"
"Wed Mar 13 21:16:47 +0000 2024","1768023425539518592","Yth pak @ganjarpranowo , pak @aniesbaswedan , gimana proses pengajuan hak angket hasil pilpres saat ini pak ? Kok terkesan loyooo hanya ramai thok tapi tanpa pergerakan ? ü§≠ Ayo semangat pak, seminggu lagi KPU akan mengumumkan hasil rekapitulasi penghitungan suara lho...üí™üòÇü§£ü§≠ https://t.co/Dcnkh532Dd","0","0","0","0","in","714965442","1768023425539518592","ariefbudiawan7","https://twitter.com/ariefbudiawan7/status/1768023425539518592"
"Wed Mar 13 21:16:47 +0000 2024","1768023423933186346","@ganjarpranowo ibadah kok difoto terus dipublish toh pak?","0","0","0","0","in","61891948","1767909117749068112","adityagusetya","https://twitter.com/adityagusetya/status/1768023423933186346"
"Wed Mar 13 21:16:19 +0000 2024","1768023306807161233","Hasil 10 taon jadi gubernur jawa tengah. Solat tobat dah u sekarang @ganjarpranowo","0","0","0","0","in","1504205389130207235","1768023306807161233","kerrdrogba","https://twitter.com/kerrdrogba/status/1768023306807161233"
"Wed Mar 13 21:16:05 +0000 2024","1768023247571091879","@bengkeldodo @aniesbaswedan @cakimiNOW @ganjarpranowo @mohmahfudmd @Ndons_Back @BANGSAygSUJUD @Abaaah @abby6mei @_NusantaraLand_ @99propaganda @4Y4NKZ @AlmaghribiS Kecurangan nya dilakukan dari sebelum Pilpres jd KawalPemilu ga kan tahu mrk ga ngurusin MK, PJ Gub, Bansos, Pengerahan APH dll","0","0","0","0","in","735779993419014144","1767821315174752467","rick_firm","https://twitter.com/rick_firm/status/1768023247571091879"
"Wed Mar 13 21:15:52 +0000 2024","1768023196324999672","@Opiniku95098012 @HeryIdris5 @Maruahalsiahaa2 @maximilan_angel @ganjarpranowo Yg panik 03 sama 01..","0","0","0","0","in","1603573356330196993","1767555281050075577","himawan4578","https://twitter.com/himawan4578/status/1768023196324999672"
"Wed Mar 13 21:14:43 +0000 2024","1768022906913914950","@Heraloebss @aniesbaswedan @ganjarpranowo Joget2lah sekarang sampe konser konser, setelah Angket , meweklah bareng samsul , mukidi sekeluarga ..","0","3","1","8","in","1505296064118620161","1767882386711417326","rodi_mufrodi","https://twitter.com/rodi_mufrodi/status/1768022906913914950"
"Wed Mar 13 21:12:23 +0000 2024","1768022316662095949","@Heraloebss @aniesbaswedan @ganjarpranowo Menang curang kok bangga üòÑ","0","0","0","1","in","2694870128","1767882386711417326","arifgun4","https://twitter.com/arifgun4/status/1768022316662095949"
"Wed Mar 13 21:10:44 +0000 2024","1768021902520713288","@Bintang_Galaxy_ @ganjarpranowo Ketololan Ketololan yg diabadikan, udah jelas pelanggar etik penyelenggara dikira cari2 kesalahan,.. Asumsi NOL BESAR https://t.co/XQwLCHwRwV","0","0","0","1","in","1442651539","1767723533160022179","Chmnk_1995","https://twitter.com/Chmnk_1995/status/1768021902520713288"
"Wed Mar 13 21:10:20 +0000 2024","1768021800146141652","@TeddGus @ganjarpranowo Supaya engga malu saja kalah ... ü§£ Menurut Kanda Prof @mohmahfudmd di setiap PEMILU sering terjadi yang KALAH menuduh yang MENANG melakukan KECURANGAN ... ü§£","0","0","0","0","in","261119532","1767014461695758440","HAJIWILLY","https://twitter.com/HAJIWILLY/status/1768021800146141652"
"Wed Mar 13 21:09:24 +0000 2024","1768021567148306456","@TeddGus @ganjarpranowo @aniesbaswedan Si taik anjir blm dikasih tulang nih,,makanya msh menggonggong aje. Pleki pleki tedi pleki tedi plekiüòõüòõüòõ","0","0","0","0","in","3070883142","1767391092109107404","BoimKropak","https://twitter.com/BoimKropak/status/1768021567148306456"
"Wed Mar 13 21:07:30 +0000 2024","1768021086887883064","@AffanLaturuaAf1 @bengkeldodo @aniesbaswedan @cakimiNOW @ganjarpranowo @mohmahfudmd @Ndons_Back @BANGSAygSUJUD @Abaaah @abby6mei @_NusantaraLand_ @99propaganda @4Y4NKZ @AlmaghribiS Pki oh pki Mati aja ko sono Bundir aja Ga guna hidup kau didunia ini Lebih berguna anjing dripada eluü§≠","0","0","0","0","in","1748612698966003712","1767821315174752467","EvosNobru11664","https://twitter.com/EvosNobru11664/status/1768021086887883064"
"Wed Mar 13 21:07:25 +0000 2024","1768021069548630088","@FaGtng @PDI_Perjuangan @ganjarpranowo @mohmahfudmd @KrisyantoOni Dia kepengen spt makhluk¬≤ di @psi_id jilat¬≤ bisa jadi wamen atau komisaris","0","0","0","0","in","1749867969788915712","1767337030600794436","totosuhendra273","https://twitter.com/totosuhendra273/status/1768021069548630088"
"Wed Mar 13 21:07:18 +0000 2024","1768021040301834385","@ganjarpranowo Pak, omongke Mbak Itaa. Semarang e lagi nangis iki  :(","0","0","0","0","in","1384675645762904067","1767909117749068112","hpyzzz","https://twitter.com/hpyzzz/status/1768021040301834385"
"Wed Mar 13 21:06:17 +0000 2024","1768020780762411467","@taliwongsooo @bengkeldodo @aniesbaswedan @cakimiNOW @ganjarpranowo @mohmahfudmd @Ndons_Back @BANGSAygSUJUD @Abaaah @abby6mei @_NusantaraLand_ @99propaganda @4Y4NKZ @AlmaghribiS Ada yg bilang takutü§î","0","0","0","0","in","1748612698966003712","1767821315174752467","EvosNobru11664","https://twitter.com/EvosNobru11664/status/1768020780762411467"
"Wed Mar 13 21:05:25 +0000 2024","1768020562813820981","@atipsthahir @bengkeldodo @aniesbaswedan @cakimiNOW @ganjarpranowo @mohmahfudmd @Ndons_Back @BANGSAygSUJUD @Abaaah @abby6mei @_NusantaraLand_ @99propaganda @4Y4NKZ @AlmaghribiS Bacott kau PKI üí©","0","2","0","0","in","1748612698966003712","1767821315174752467","EvosNobru11664","https://twitter.com/EvosNobru11664/status/1768020562813820981"
"Wed Mar 13 21:05:12 +0000 2024","1768020509692932363","@NoviBudi78 @aniesbaswedan @ganjarpranowo Ngaku ngaku jadi presiden‚Ä¶‚Ä¶‚Ä¶ Pengumuman juga blm Sabar ‚Ä¶‚Ä¶‚Ä¶‚Ä¶..ngarep betul‚Ä¶‚Ä¶‚Ä¶","0","0","0","0","in","254420704","1767458910561308770","sigitgawang","https://twitter.com/sigitgawang/status/1768020509692932363"
"Wed Mar 13 21:03:13 +0000 2024","1768020010658836742","@SOERYAW4DI @sla__met @kpu @KawalPemilu_org @detikcom @aniesbaswedan @cakimiNOW @prabowo @gibran_tweet @ganjarpranowo @mohmahfudmd wah ini satu vrekuensi ma gue kayaknyaü§≠ BOMAT masalah calegü§£üëèüëè","0","0","0","0","in","1615090692619120641","1767768999532880353","tornadoexpres","https://twitter.com/tornadoexpres/status/1768020010658836742"
"Wed Mar 13 20:55:55 +0000 2024","1768018173360832776","@NenkMonica @KawalPemilu_org menyatakan TIDAK ADA INDIKASI KECURANGAN ... Ehh ga dipercaya juga sama wan anginüòÅüòÇü§£ü§≠ü´∞‚úåÔ∏è rakyat yg memberikan suarax koq ga dipercaya. Segala kapolda, PJ, Kada definitif, Kepala Desa ga akan mampu mengintimidasi rakyat. Gmn @aniesbaswedan @ganjarpranowo","0","0","0","0","in","1483446519991013377","1767658559117136270","JhonDoe60200248","https://twitter.com/JhonDoe60200248/status/1768018173360832776"
"Wed Mar 13 20:54:47 +0000 2024","1768017888768864548","@H1m4_W4r1 @aniesbaswedan @prabowo @ganjarpranowo Anis :5,2 M, prabowo :4,8 M Gqnjar :3,2 M","0","1","0","0","pl","1852978364","1767793537607987263","WIldan050406","https://twitter.com/WIldan050406/status/1768017888768864548"
"Wed Mar 13 20:49:42 +0000 2024","1768016609447477597","@syahirularif @TeddGus @ganjarpranowo @mohmahfudmd @prabowo @gibran_tweet Pengen juga kali dia dapat kue kekuasan üòÅü§£ sayangnya 02 didukung banyak  partai yg pasti akan jadi prioritas utama, belum lagi timses2 yg punya massa real seperti Noel,.. jadi bisa jadi dia tdk akan dapat apa-apa. Kan kasian..üòÅ","0","0","0","0","in","259067676","1767458476123730312","ohesyamsuharso","https://twitter.com/ohesyamsuharso/status/1768016609447477597"
"Wed Mar 13 20:49:19 +0000 2024","1768016514521903422","@ganjarpranowo pak banjir paaak semaranggg pieee ki pakkk","0","0","0","0","in","1575654098572955650","1767909117749068112","xxurscrp","https://twitter.com/xxurscrp/status/1768016514521903422"
"Wed Mar 13 20:46:01 +0000 2024","1768015680966939010","@icikiwir_08 @aniesbaswedan @ganjarpranowo @KPK_RI @KejaksaanRI @DivHumas_Polri Pindah dari Indonesia atau pisah dari Jawa gimana?","0","0","0","0","in","232840872","1767329731752706197","eBut_Burn","https://twitter.com/eBut_Burn/status/1768015680966939010"
"Wed Mar 13 20:45:43 +0000 2024","1768015608028037263","@Cokrays @SOERYAW4DI @kpu @KawalPemilu_org @detikcom @aniesbaswedan @cakimiNOW @prabowo @gibran_tweet @ganjarpranowo @mohmahfudmd Haha selalu aja bansos, ya pasti karena hati nurani donk, kami disini untuk legislatif coblos yg dikenal walaupun dari PDIP, tapi presiden ya 02 dong","0","1","0","1","in","854039478","1767768999532880353","c_poluan","https://twitter.com/c_poluan/status/1768015608028037263"
"Wed Mar 13 20:45:02 +0000 2024","1768015433045782799","@nasrulsidiq8 @ganjarpranowo Selalu mengingat beliau aja sih Saat banjir selalu ngecek semua rumah pompaüôè","0","0","0","0","in","818854131855069184","1767909117749068112","widayatiningMMh","https://twitter.com/widayatiningMMh/status/1768015433045782799"
"Wed Mar 13 20:40:34 +0000 2024","1768014310130024582","@Heraloebss @aniesbaswedan @ganjarpranowo Yang ngeri sih lihat akun kawalpemilu yah, bnyak orang stress disana, kasian adminnya","0","1","0","1","in","161188035","1767882386711417326","MasJJBram","https://twitter.com/MasJJBram/status/1768014310130024582"
"Wed Mar 13 20:37:32 +0000 2024","1768013545470656760","Shalat itu ibadah bukan postingan, kalau seusia antum shalat taraweh itu sudah nggak boleh kendor, semoga tidak kendor dlm beribadah itu untuk kata¬≤ untuk anak¬≤ atau orang baru hijrah...tidak semua harus dipublikasikan ke media @ganjarpranowo","0","3","1","12","in","1444206305057538052","1768013545470656760","NoviBudi78","https://twitter.com/NoviBudi78/status/1768013545470656760"
"Wed Mar 13 20:31:09 +0000 2024","1768011942973898911","@ganjarpranowo Peluru habis diri,dah kendor kayak celana lepas kolor","0","0","0","0","in","1748403026921193472","1767909117749068112","gudel175959","https://twitter.com/gudel175959/status/1768011942973898911"
"Wed Mar 13 20:28:38 +0000 2024","1768011307880775833","@Heraloebss @aniesbaswedan @ganjarpranowo Klw 02 kalah ya gk mungkin,percuma dong pak lurah udah turun gunung cawe dan bagi"" bansos..mau di kemanakan harga diri kekuasaan....""","0","0","1","2","in","1728223947718897664","1767882386711417326","purba_sarn85635","https://twitter.com/purba_sarn85635/status/1768011307880775833"
"Wed Mar 13 20:27:35 +0000 2024","1768011042666459259","@ganjarpranowo sosok ibu energik dgn pemikirannya cocok calon gub jawatengah .. üôèüáÆüá©","0","0","0","0","in","793827158519009281","1767480174973706242","tvJKT","https://twitter.com/tvJKT/status/1768011042666459259"
"Wed Mar 13 20:27:27 +0000 2024","1768011008793329792","@ganjarpranowo Keok keok keok ayam bangkok berkata","0","0","0","0","in","1748403026921193472","1767850881553453252","gudel175959","https://twitter.com/gudel175959/status/1768011008793329792"
"Wed Mar 13 20:25:23 +0000 2024","1768010490477949130","@Oleng_YNWA @PraEquilibrium @ganjarpranowo @KPK_RI @ganjarpranowo lebih IT dari IT kayaknya.üòÖ","0","1","0","0","in","1534200395009904640","1767772464971673726","Gr4sssss","https://twitter.com/Gr4sssss/status/1768010490477949130"
"Wed Mar 13 20:25:04 +0000 2024","1768010410245095789","@xquitavee @rockygerung @ganjarpranowo @gibran_tweet @bengkeldodo @PartaiSocmed @zy_zy_its_me @AndreasSolusi @MikamiRambo @kurawa Orang salah gak usah takut, udh salah kata ga mau ngakuin  https://t.co/D6CRotg5rz","0","0","0","0","in","1737864253070282752","1767680142472798468","ParBanNgam","https://twitter.com/ParBanNgam/status/1768010410245095789"
"Wed Mar 13 20:22:51 +0000 2024","1768009853304537403","@Uwongdeso4 @CNNIndonesia @ganjarpranowo","0","0","0","0","qam","1534200395009904640","1767177551745564682","Gr4sssss","https://twitter.com/Gr4sssss/status/1768009853304537403"
"Wed Mar 13 20:19:17 +0000 2024","1768008955270410549","@ganjarpranowo Allahummaghfirlahum warhamhu wa'afihi wa-fu'anhu...","0","0","0","0","in","1320644826","1767850881553453252","ham_grage","https://twitter.com/ham_grage/status/1768008955270410549"
"Wed Mar 13 20:17:52 +0000 2024","1768008599199252836","@MNuub48284 @ganjarpranowo Iyalah dr pada mensng dg kecurangan bgus kalah terhormat di angka 17%, tul gk tulang lunak?","0","3","0","1","in","1489992222682787843","1767909117749068112","AbdulWa70642562","https://twitter.com/AbdulWa70642562/status/1768008599199252836"
"Wed Mar 13 20:13:43 +0000 2024","1768007554872082772","Orang salah tidak perlu takut  Ganjar Pranowo 2024 "" https://t.co/eZjJKTLyVA""","6","16","10","85","in","1737864253070282752","1768007554872082772","ParBanNgam","https://twitter.com/ParBanNgam/status/1768007554872082772"
"Wed Mar 13 20:13:38 +0000 2024","1768007531530780767","@xquitavee @rockygerung @ganjarpranowo @gibran_tweet @bengkeldodo @PartaiSocmed @zy_zy_its_me @AndreasSolusi @MikamiRambo @kurawa @ganjarpranowo lagi...blank boro boro mikirin twit...  mikirin duit bekas kampanye aja puccciiiinnnggggh... yaa kan @gibran_tweet  menyaaalaaaaüòÅ https://t.co/SLHjPd1Mtv","0","0","1","1","in","1242860255509266435","1767680142472798468","dedipechu03","https://twitter.com/dedipechu03/status/1768007531530780767"
"Wed Mar 13 20:13:37 +0000 2024","1768007528989032950","@pipitmatek @__AnakKolong @ganjarpranowo @mohmahfudmd @akbarfaizal68 Perpres gundulmu","0","0","0","0","in","1646117454727512064","1767914060421661172","kaciput76","https://twitter.com/kaciput76/status/1768007528989032950"
"Wed Mar 13 20:12:56 +0000 2024","1768007357152592048","@Bintang_Galaxy_ @ganjarpranowo klo terbukti curang di Hak Angket gimana?  ya batal lah hasil nya","0","0","0","0","in","1567503921018712065","1767723533160022179","TrulyTob","https://twitter.com/TrulyTob/status/1768007357152592048"
"Wed Mar 13 20:11:23 +0000 2024","1768006967166206423","@pipitmatek @__AnakKolong @ganjarpranowo @mohmahfudmd @akbarfaizal68 https://t.co/d3kmQ23ZXQ","0","0","0","0","qme","1646117454727512064","1767914060421661172","kaciput76","https://twitter.com/kaciput76/status/1768006967166206423"
"Wed Mar 13 20:11:17 +0000 2024","1768006943065735468","@Radyan_Rizky @Heraloebss @aniesbaswedan @ganjarpranowo Bahasamu terlalu halus Om,, Udah kebaca ü§£ü§£ü§£ Pendukung Anies yg sbnarnya gk da yg punya bahasa sperti ini","0","1","0","0","in","1661529456161480705","1767882386711417326","Strongerma77798","https://twitter.com/Strongerma77798/status/1768006943065735468"
"Wed Mar 13 20:09:19 +0000 2024","1768006444962762829","@__AnakKolong @ganjarpranowo @mohmahfudmd @akbarfaizal68 Memancing mamarika ikut campur jika sudah makin ganggu kepentingannya dgn alasan tidak demokratis lagi karena kultus famili seperti thn 1965 ada kultus individu.","0","0","0","0","in","1877415655","1767914060421661172","jwindria","https://twitter.com/jwindria/status/1768006444962762829"
"Wed Mar 13 20:08:30 +0000 2024","1768006241161543974","@TeddGus @ganjarpranowo @mohmahfudmd anda buzzer mas gk usah bababababa ngeriiiii","0","0","0","0","in","1205810365281398790","1767480012536733883","AchmadBalian","https://twitter.com/AchmadBalian/status/1768006241161543974"
"Wed Mar 13 20:07:52 +0000 2024","1768006082537160940","@Heraloebss @aniesbaswedan @ganjarpranowo Semangat njeng ü§£üòÇü§≠ https://t.co/jFBtOaQZIs","0","0","1","1","in","1605549612928229376","1767882386711417326","BejoBack","https://twitter.com/BejoBack/status/1768006082537160940"
"Wed Mar 13 20:02:21 +0000 2024","1768004694339985677","@kaciput76 @__AnakKolong @ganjarpranowo @mohmahfudmd @akbarfaizal68 Coba deh Baca baik2 dl, itu perpres, ngerti ngga km apa itu perpres??, bkn UU....","0","2","0","0","in","1749696373807861760","1767914060421661172","pipitmatek","https://twitter.com/pipitmatek/status/1768004694339985677"
"Wed Mar 13 19:53:19 +0000 2024","1768002420192522278","@MurtadhaOne1 Terus cara nya bgm ?..... Yang bener suara 02... Dengan hasil 16% gtu.....üòÅüòÖü§™üòÇ 03. Suara hasil 58% bgtu...üòÅüòÅüòÅ Kopler.... üòÅüòÖü§™@ganjarpranowo","0","0","0","0","in","216251836","1766231810135175449","Goeeeeb","https://twitter.com/Goeeeeb/status/1768002420192522278"
"Wed Mar 13 19:47:52 +0000 2024","1768001050546491557","@TeddGus @ganjarpranowo Ente waras ted ?","0","0","0","0","en","1099880902782377984","1767014461695758440","mussodik","https://twitter.com/mussodik/status/1768001050546491557"
"Wed Mar 13 19:43:36 +0000 2024","1767999974028226937","@Royan_02 @JordanMihaf @EL_Mascotte @yosephrosario_ @Ndons_Back @bengkeldodo @are_inismyname @Bank_Joee_ @ganjarpranowo Lagian kayak nya permasalahan nya bukan karna ada kecurangan bro.. tp karna si Abah GK Menang kwkwkwkw... 1 Indonesia pada ribut.. jadi sesuai sama misi visi nya Abah. Perubahan jihahahah yg td nya adem ayem jadi pada ribut","0","0","0","0","in","1699478754899460096","1767705787898659277","alifauzi907","https://twitter.com/alifauzi907/status/1767999974028226937"
"Wed Mar 13 19:42:16 +0000 2024","1767999637766717686","@TeddGus Lalu harus percaya anda ? Rugi dong harus membandingkan anda dg mereka Mohon tanggapannya pd orang ini pak @mohmahfudmd , @ganjarpranowo","0","0","0","1","in","1331138087036993536","1767902407177253137","Agus92177347","https://twitter.com/Agus92177347/status/1767999637766717686"
"Wed Mar 13 19:37:17 +0000 2024","1767998386186367416","@megwati_sukarno  @ganjarpranowo @mohmahfudmd @PDI_Perjuangan @puanmaharani_ri @DPP_PKB @NasDem @PKSejahtera @jokowi  @prabo @gibran_tweet","0","0","0","0","qam","1563324955399692288","1767998386186367416","Asmaragadjyry","https://twitter.com/Asmaragadjyry/status/1767998386186367416"
"Wed Mar 13 19:37:10 +0000 2024","1767998356738158930","@ganjarpranowo Tasih taraweh ten masjid Tegalsari mboten pak?","0","0","0","0","in","1139990397969563648","1767909117749068112","dhonieaz","https://twitter.com/dhonieaz/status/1767998356738158930"
"Wed Mar 13 19:35:40 +0000 2024","1767997978193580336","@__AnakKolong @ganjarpranowo @mohmahfudmd @akbarfaizal68 Muka deso nya seperti zombie yg haus darah","0","0","0","4","in","1566193907355922432","1767914060421661172","bungalotus25","https://twitter.com/bungalotus25/status/1767997978193580336"
"Wed Mar 13 19:35:23 +0000 2024","1767997906840367550","@__AnakKolong @ganjarpranowo @mohmahfudmd @akbarfaizal68 Aturannya yg buat kementerian yg menterinya kader PDIP. Yang nyetujuin UU ASN nya dari semua fraksi di DPR termasuk oposisi. Berarti yg bertanggung jawab bkn cuman JKW aja, tp semua partai yg ada di DPR juga.","0","1","0","0","in","1646117454727512064","1767914060421661172","kaciput76","https://twitter.com/kaciput76/status/1767997906840367550"
"Wed Mar 13 19:31:38 +0000 2024","1767996964074082696","@herryuntitledz @Heraloebss @aniesbaswedan @ganjarpranowo Duit rakyat buat kampanye....... Malumu mana","0","0","0","1","in","1562050779888099328","1767882386711417326","GudegLegi","https://twitter.com/GudegLegi/status/1767996964074082696"
"Wed Mar 13 19:29:27 +0000 2024","1767996412435009590","@aldianw @Heraloebss @aniesbaswedan @ganjarpranowo Curang Bung","0","0","0","0","in","1562050779888099328","1767882386711417326","GudegLegi","https://twitter.com/GudegLegi/status/1767996412435009590"
"Wed Mar 13 19:28:19 +0000 2024","1767996127176175774","Untuk Provinsi riau, TIM Yg Ingin Koreksi C 1 Plano Silahkan @aniesbaswedan @cakimiNOW  Perolehan Suara 1.400.093 Suara @prabowo @gibran_tweet  Perolehan Suara 1.931.113 Suara @ganjarpranowo @mohmahfudmd Perolehan Suara 357.298 Suara @PDI_Perjuangan @NasDem @PKSejahtera @DPP_PKB https://t.co/vCXW13masz","1","3","25","35","in","1269807484174123008","1767996127176175774","ZulkifliLubis69","https://twitter.com/ZulkifliLubis69/status/1767996127176175774"
"Wed Mar 13 19:28:09 +0000 2024","1767996086965383517","@TeddGus @ganjarpranowo @mohmahfudmd Kontol","0","0","0","0","in","1549214124969959424","1767480012536733883","PutraBachtiar9","https://twitter.com/PutraBachtiar9/status/1767996086965383517"
